Issue_ID,Title,Category,Component,Severity,Forensic_Evidence,Remediation
90247-VULN-001,Cross-Origin Message Origin Validation Mismatch,Web Security / Access Control,ServiceNow Portal Substrate (sp_min.jsx:67),Medium,Incoming message ignored due to origin mismatch.,Configure explicit origin verification and validate against g_concourse_onmessage_enforce_same_origin_whitelist properties instead of allowing unverified frames.
90247-VULN-002,Context Key Variable Displacement (Type Pollution),Logic Error / Data Layer Manipulation,Adobe Data Layer Resolver (adobeDataLayer),Low,userCountry = adobeDataLayer[0].data.loginEventDetails; // Key mismatch fallback mismatch,Realign data mapping variables to correctly resolve and store the browser_akamai_loc_country parameter.
90247-VULN-003,Cross-Origin Resource Sharing (CORS) Enforcement Intercept,Network Security / Policy Violation,Global RPC Outbound Gateway Interface (myservices.cisa.gov -> google.com),Low,Access to fetch at google.com/complete/search from origin myservices.cisa.gov has been blocked by CORS policy,"Reroute outbound API queries through authenticated client-side proxies or register secure, origin-authorized API gateways."
90247-VULN-004,OpenType Layout Asset Structure Corruption,Resource Tampering / Asset Validation,Browser Typography Rendering Substrate,Low,OTS parsing error: invalid sfntVersion: 1231976033,Verify fonts are built using clean WOFF2 standard encoding sequences and validate proxy filter optimization boundaries.
90247-VULN-005,Uncaught Token Compilation Syntax Interruption,Code Quality / Quality Assurance,National Terrorism Advisory System UI Block (ntas:4),Low,ntas:4 Uncaught SyntaxError: Invalid or unexpected token (at ntas:4:219),Audit script generation variables at line 4 offset 219. Clean up trailing control bytes and unclosed text strings.
90247-VULN-006,Dynamic Object Namespace Property Injection Exception,Memory Management / Scope Isolation,Global Namespace Object (window.SOVEREIGN_LOG),Medium,Uncaught TypeError: Cannot set properties of undefined (setting 'encoding_gate'),Implement structural null-checking or inline short-circuit logic statements during cross-script object instantiation loops.
90247-VULN-007,LocalStorage Argument Abstraction Method Signature Mismatch,Type Safety / Error Handling,Web Storage Interface API (localStorage.setItem),Low,"Uncaught TypeError: Failed to execute 'setItem' on 'Storage': 2 arguments required, but only 1 present.",Ensure database and tracking state serialization loops specify string values or pass default placeholder constants instead of empty parameters.
90247-VULN-008,ServiceNow Gateway Endpoint Command Modification (SQLi Probe),Injection Mitigation / Input Handling,CISA Phoenix Gateway Module (/mi/phoenix-gateway/session),Critical,"1' UNION SELECT NULL,@@version,database(),user()-- (Obfuscated via space2comment and randomcase)",Enforce parameterized backend queries and strict type validation across dynamic request parameter arguments.
90247-VULN-009,Time-Based Blind Ingress Parameter Abuse Probe,Injection Mitigation / Input Handling,Google Suggest RPC Interface Framework (csiid Parameter),Critical,k3XlacXaHKrZkPIP-fGn8Qo_2' AND (SELECT 1 FROM (SELECT(SLEEP(5)))a)--,Sanitize and escape tracking headers and correlation tokens before processing through downstream indexing systems.
90247-VULN-010,Global Exposure of Core Validation Tokens,Information Disclosure / Exposure,Top-level Scope Document Window Object (g_ck Instance Variable),High,var g_ck = '1d0f817197644b509cc8b94de053af093bd7c751668c087abb2449b73388273ad5b3fa4f';,Encapsulate high-value security tokens and context validation markers within closures or encapsulated tracking domains.
